{"loss": [0.062166668474674225], "acc": [0.9884239435195923], "val_loss": [0.04527220502495766], "val_acc": [0.9942640662193298]}