{"loss": [0.0630188062787056], "val_loss": [0.045063406229019165]}