{"loss": [0.06244669482111931], "val_loss": [0.046177931129932404]}